Customer ID,Customer Name,Contact First Name,Contact Last Name,Contact Title,Contact Position,Last Year's Sales,Address1,Address2,City,Region,Country,Postal Code,E-mail,Phone
1,City Cyclists,Chris,Christianson,Mr.,Sales Manager,20045.27,7464 South Kingsway,Suite 2006,Sterling Heights,MI,USA,48358,Christianson@bba.com,810-939-6479
2,Pathfinders,Christine,Manley,Miss,Sales Representative,26369.63,410 Eighth Avenue,,DeKalb,IL,USA,60148,Manley@arubasport.com,815-756-9831
3,Bike-A-Holics Anonymous,Gary,Jannis,Mr.,Sales Associate,4500,7429 Arbutus Boulevard,Suite 2017,Blacklick,OH,USA,43005,Jannis@downunderbikes.com,614-759-9924
4,Psycho-Cycle,Alexander,Mast,Mr.,Sales Representative,52809.11,8287 Scott Road,,Huntsville,AL,USA,35818,Mast@canbikes.com,205-430-0587
5,Sporting Wheels Inc.,Patrick,Reyess,Mr.,Sales Associate,85642.56,480 Grant Way,Suite 1110,San Diego,CA,USA,92150,Reyess@kangerootrikes.com,619-457-3186
6,Rockshocks for Jocks,Heather,Davis,Ms.,Sales Representative,40778.52,1984 Sydney Street,,Austin,TX,USA,78770,Davis@brucebikes.com,512-349-7705
7,Poser Cycles,Alex,Smith,Mr.,Sales Agent,10923,8194 Peter Avenue,,Eden Prairie,MN,USA,55360,Smith@peddlesofperth.com,612-947-4320
8,Spokes 'N Wheels Ltd.,Kristina,Chester,Miss,Sales Representative,25521.31,3802 Georgia Court,,Des Moines,IA,USA,50305,Chester@koalaroad.com,515-237-7769
9,Trail Blazer's Place,Alexandra,Burris,Mrs.,Owner,123658.46,6938 Beach Street,,Madison,WI,USA,53795,Burris@devilbikes.com,608-273-4883
10,Rowdy Rims Company,Anthony,Shoemaker,Dr.,Sales Agent,30131.46,4861 Second Road,,Newbury Park,CA,USA,91341,Shoemaker@piccolobike.com,805-375-0117
11,Clean Air Transportation Co.,Bill,Carter,Mr.,Sales Associate,23789.25,1867 Thurlow Lane,Suite 1304,Conshohocken,PA,USA,19453,Carter@BCS.com,610-941-5771
12,Hooked on Helmets,Gerry,Wade,Mr.,Owner,52963.82,7655 Mayberry Crescent,Suite 209,Eden Prairie,MN,USA,55327,Wade@dhakabike.com,612-947-3344
13,C-Gate Cycle Shoppe,Matthew,Banks,Mr.,Owner,29618.11,413 Robson Lane,Suite 1809,Winchester,VA,USA,22618,Banks@barbadossports.com,540-662-7167
14,Alley Cat Cycles,Rick,Pratt,Mr.,Owner,298356.22,1842 St. Anne Place,Suite 618,Concord,MA,USA,1733,Pratt@belgiumbike.com,508-287-8535
15,The Bike Cellar,Christopher,Carmine,Mr.,Sales Manager,30938.67,8404 Nelson Lane,Suite 2512,Winchester,VA,USA,22616,Carmine@royalcycle.com,540-662-2540
16,Hercules Mountain Bikes,James,Sergent,Mr.,Sales Manager,18000,8586 St. Andrew Crescent,,DeKalb,IL,USA,60187,Sergent@biccm.com,815-756-1819
17,Whistler Rentals,Will,Castillo,Mr.,Owner,68000,4501 Third Street,Suite 913,Tualatin,OR,USA,97051,Castillo@brasiliaoutdoors.com,503-647-3363
18,Bikes and Trikes,Ian,Kelly,Mr.,Owner,12000,2793 Highland Boulevard,,Sterling Heights,MI,USA,48335,Kelly@rdjbikes.com,810-939-2133
19,Changing Gears,David,Baker,Mr.,Sales Agent,26705.65,1600 Hyde Crescent,,Irvine,CA,USA,92750,Baker@saveirosbike.com,714-450-7009
20,Wheels and Stuff,Dan,Simpson,Mr.,Sales Agent,25556.11,2530 Bute Avenue,,Clearwater,FL,USA,34666,Simpson@outdoors.com,813-539-9862
21,Uni-Cycle,Daryl,Davidson,Mr.,Sales Manager,52428.13,1008 Kerr Street,,Blacklick,OH,USA,43042,Davidson@brasiliabike.com,614-759-8634
22,Crank Components,Lori,McIsaac,Miss,Sales Representative,8030.11,8001 Oxford Street,,Champaign,IL,USA,61870,McIsaac@salvadobikestore.com,217-359-3547
23,Corporate Cycle,Annie,Harper,Mrs.,Sales Representative,27081.31,2922 Cambridge Way,,Des Moines,IA,USA,50392,Harper@paradix.com,515-237-9995
24,Pedal Pusher Bikes Inc.,Tony,Garneau,Mr.,Sales Associate,39277.38,4537 Robson Way,Suite 2829,Port Coquitlam,BC,Canada,V3C 5U3,Garneau@cyclefever.com,604-941-4617
25,Extreme Cycling,Zach,Fabro,Mr.,Sales Manager,69819.1,1925 Glenaire Avenue,Suite 2705,Clearwater,FL,USA,34638,Fabro@dtom.com,813-539-4247
26,Blazing Saddles,Trisha,Sanders,Ms.,Sales Manager,42709.86,4755 Seventieth Street,Suite 206,Brown Deer,WI,USA,53226,Sanders@dagcity.com,414-354-0524
27,The Great Bike Shop,Jon,Witt,Mr.,Owner,15218.09,1922 Beach Crescent,Suite 914,Huntsville,AL,USA,35857,Witt@wnd.com,205-430-1083
28,Pedals Inc.,Patricia,Manon,Miss,Sales Manager,5000,8922 Field Street,,Madison,WI,USA,53795,Manon@ppb.com,608-273-4233
29,Blazing Bikes,Gary,Campbell,Mr.,Sales Associate,19193.68,5202 Matthew Boulevard,,Eden Prairie,MN,USA,55334,Campbell@bft.com,612-947-5737
30,Spokes for Folks,Brent,Lansing,Mr.,Owner,47228.64,2340 Alexander Way,,Hightstown,NJ,USA,8557,Lansing@cyclessports.com,609-426-4114
31,To The Limit Biking Co.,Richard,Grewal,Mr.,Sales Agent,32487.13,6042 Fell Court,,Nampa,ID,USA,83649,Grewal@bikingit.com,208-893-5621
32,Spokes,Sheryl,Rodgers,Mrs.,Sales Associate,27154.9,964 Jester Court,Suite 2213,DeKalb,IL,USA,60128,Rodgers@crazyw.com,815-756-3253
33,Fulcrum Cycles,Markus,Holt,Dr.,Sales Manager,12013.96,170 St. Joseph Boulevard,Suite 2023,Winchester,VA,USA,22691,Holt@hcc.com,540-662-9895
34,Off the Mountain Biking,Laurie,Lee-Johnson,Ms.,Sales Manager,25000,192 St. Luke Boulevard,Suite 1724,Irvine,CA,USA,92725,Lee-Johnson@bss.com,714-450-3622
35,Mad Mountain Bikes,Tracy,Hanna,Miss,Sales Representative,35009.22,1995 Melbourne Street,Suite 2813,Nampa,ID,USA,83683,Hanna@galaxy.com,208-893-5874
36,Road Runners Paradise,Julia,Jackson,Mrs.,Sales Representative,20747.24,1053 Adelaide Street,,Kingston,RI,USA,2880,Jackson@mindong.com,401-788-3133
37,Has Been Bikes (consignment),Jane,Fasan,Ms.,Sales Agent,300,5307 Victoria Avenue,,Kingston,RI,USA,2827,Fasan@aic.com,401-788-2853
38,Tyred Out,Donald,Edwards,Mr.,Owner,18126.33,3687 Kerrisdale Street,Suite 2115,Santa Ana,CA,USA,92721,Edwards@ccsp.com,714-751-5999
39,Wheels Inc.,Stacy,Bodnar,Mrs.,Sales Representative,21642.14,7044 King Georfe Street,Suite 717,Des Moines,IA,USA,50356,Bodnar@newpeople.com,515-237-9667
40,Cyclist's Trail Co.,Alexa,Quartermaine,Miss,Sales Manager,15937.96,4122 Panorama Place,Suite 2807,Sterling Heights,MI,USA,48320,Quartermaine@globebike.com,810-939-0489
41,Deals on Wheels,Ron,Cunningham,Mr.,Sales Manager,11717.24,6073 Cambie Court,Suite 1214,DeKalb,IL,USA,60153,Cunningham@haonannu.com,815-756-7678
42,Rad Bikes,Jerry,Esler,Mr.,Sales Agent,41954.72,8217 Prince Edward Place,,Tualatin,OR,USA,97068,Esler@yuexiu.com,503-647-4484
43,Insane Cycle,Nadine,Scott,Miss,Owner,8000,5198 Argus Place,,Conshohocken,PA,USA,19442,Scott@jinjing.com,610-941-9254
44,Our Wheels Follow Us Everywhere,Robert,Walter,Mr.,Sales Manager,38170.65,1544 Venus Court,,DeKalb,IL,USA,60148,Walter@pedales.com,815-756-6823
45,Cycles and Sports,Zachary,Barbera,Mr.,Owner,38199.1,2290 Cambie Street,Suite 1025,Vancouver,BC,Canada,V6G 4V3,Barbera@bsj.com,604-685-0019
46,Backpedal Cycle Shop,Joe,Lee,Mr.,Owner,25162.05,743 Three Rivers Way,Suite 2214,Philadelphia,PA,USA,19178,Lee@praguesports.com,215-928-1876
47,Karma Bikes,Kim,Karl,Mr.,Sales Manager,9000,1516 Ohio Avenue,Suite 2621,Blacklick,OH,USA,43092,Karl@csc.com,614-759-1164
48,Mountain Madmen Bicycles,Andrew,Dong,Mr.,Sales Manager,28190.52,9001 Metro Way,Suite 2010,Hightstown,NJ,USA,8513,Dong@rdsd.com,609-426-7758
49,Rocky Roadsters,Cindy,Forester,Ms.,Sales Associate,28681.53,1430 Hastings Boulevard,,Conshohocken,PA,USA,19440,Forester@sel.com,610-941-1921
50,Crazy Wheels,Davy,Douglas,Mr.,Sales Associate,38280.53,8766 Glenaire Way,,Port Coquitlam,BC,Canada,V3C 2Y8,Douglas@cairobicycles.com,604-941-5469
51,Biking's It Industries,Katie,Cronin,Mrs.,Sales Representative,30348.92,4643 Camstock Avenue,,Burnaby,BC,Canada,V5C 7Z1,Cronin@extercycle.com,604-298-4841
52,"Bikes, Bikes, and More Bikes",Janice,Pierson,Miss,Sales Agent,25379.1,3952 Main Street,,Des Moines,IA,USA,50344,Pierson@lifecycle.com,515-237-8975
53,Rough Terrain,Matt,Trent,Mr.,Sales Associate,37488.75,1502 Nelson Way,Suite 805,Madison,WI,USA,53730,Trent@westerly.com,608-273-6250
54,Cyclopath,Scott,Mueller,Mr.,Sales Agent,38492.56,647 Panorama Crescent,Suite 107,Kingston,RI,USA,2816,Mueller@donview.com,401-788-2360
55,Tandem Cycle,Gordon,Bell,Mr.,Sales Agent,29404.39,7040 Park Place,Suite 1407,Nampa,ID,USA,83650,Bell@tomsbikes.com,208-893-0312
56,On The Edge Cyclery,Douglas,McDougall,Mr.,Owner,9751.45,2145 Boardwalk,Suite 1214,Kingston,RI,USA,2896,McDougall@mks.com,401-788-7227
57,Tek Bikes,Elizabeth,Kawa,Miss,Sales Agent,301568.22,8018 Meacon Crescent,Suite 2607,Philadelphia,PA,USA,19144,Kawa@wheel.com,215-928-6658
58,Making Tracks,Rosie,Forbes,Mrs.,Sales Associate,32249.55,5511 Ocean Road,,Concord,MA,USA,1767,Forbes@greatoutdoors.com,508-287-1664
59,The Biker's Path,Donna,Marshall,Miss,Sales Agent,29036.57,3519 Beacon Avenue,Suite 2909,DeKalb,IL,USA,60152,Marshall@bbs.com,815-756-4084
60,Bikes for Tykes,Dave,Elkins,Mr.,Sales Manager,1800,7949 Elm Boulevard,Suite 3012,Vancouver,BC,Canada,V6E 2S5,Elkins@picadillycycle.com,604-681-9443
61,Benny - The Spokes Person,Caitlin,Jones,Miss,Sales Agent,6091.96,1020 Oak Way,Suite 1711,Huntsville,AL,USA,35861,Jones@lifecycle.com,205-430-3670
62,Bike Shop from Mars,John,MacCloud,Mr.,Sales Manager,25873.25,7071 Dundas Crescent,Suite 1730,Newbury Park,CA,USA,91338,MacCloud@hitdirt.com,805-375-0110
63,Feel Great Bikes Inc.,Craig,Jacobson,Mr.,Sales Representative,40944.47,3015 Delta Place,Suite 2601,Eden Prairie,MN,USA,55367,Jacobson@sunrise.com,612-947-1362
64,SAB Mountain,Claus,Main,Mr.,Owner,401000,Hauptstr. 29,,Bern,Cantons,Switzerland,CH-3006,Main@sourceone.com,41 45-207-65-45
65,Platou Sport,Jonas,Bergulfsen,Mr.,Owner,201000,Erling Skakkes gate 78,,Stavanger,Rogaland,Norway,N-3290,Bergulfsen@helsinkibicycle.com,47-22-323-023
66,Piccolo,Georg,Pipps,Mr.,Sales Manager,201000,Geislweg 14,,Salzburg,Salzkammergut,Austria,A-5020,Pipps@lillevtt.com,43-662-972262
67,Paris Mountain Sports,Marie,Bertrand,Mrs.,Owner,300000,"265, boulevard Charonne",,Paris,Ile de France,France,75012,Bertrand@toulousevelos.com,33-4-92-72-04-89
68,Magazzini,Giovanni,Rovelli,Mr.,Sales Manager,201000,Via Ludovico il Moro 22,Suite 25,Bergamo,Lombardia,Italy,24100,Rovelli@sportscenterville.com,39-81-9444-0922
69,Furia,Lino,Rodriguez,Mr.,Sales Manager,201000,Jardim das rosas n. 32,,Lisbon,Lisbon,Portugal,1900,Rodriguez@lourdessport.com,351-1-35-42-534
70,Folk och fä HB,Marie,Larsson,Mrs.,Owner,201000,Åkergatan 24,,Bräcke,Jaemtland,Sweden,S-844 67,Larsson@parismountain.com,069-53-46721
71,BBS Pty,Victoria,Ashworth,Miss,Sales Representative,500000,45 Fauntleroy Circus,,London,Greater London,England,EC2 5NT,Ashworth@gagnersports.com,44-171-551-1212
72,Cycle City Rome,Paolo,Accorti,Mr.,Sales Representative,201000,Via Monte Bianco 34,,Torino,Piedmonte,Italy,10100,Accorti@francesports.com,39-2-4242-4995
73,Tienda de Bicicletas El Pardo,Alejandra,Camino,Ms.,Sales Manager,201000,"Gran Vía, 1",,Madrid,Madrid,Spain,28001,Camino@sportsbeaucharmp.com,34-91-7456200
74,Fahrkraft Räder,Sven,Hoffman,Mr.,Sales Representative,500000,Heinrich-Held-Str. 190,,Bonn,Nordrhein-Westfalen,Germany,D-53001,Hoffman@centresportif.com,49-0777-9042-53
75,Belgium Bike Co.,Pierre,Renault,Mr.,Sales Representative,200000,Auguste Demaeghtlaan 9823,,Brussels,Brussels,Belgium,47899,Renault@calaiscyclisme.com,32-3-390-893
76,Canal City Cycle,Sven,Vandervoort,Mr.,Sales Agent,100000,13300 Damrak Street,Suite 2210,Amsterdam,Noord Holland,Netherlands,NL-1076,Vandervoort@velosbasse.com,31-20-4043-4011
77,"Warsaw Sports, Inc.",Pavel,Ropoleski,Mr.,Owner,100000,ul. Nowogrodzka 94/96,,Warsaw,Warsaw,Poland,02-537,Ropoleski@bicyclettedunord.com,48-12-2323-2995
78,Greenlane Bicycles,Hank,Binford,Mr.,Sales Representative,90000,41 King Street,,Dublin,Dublin,Ireland,,Binford@boedeauxsports.com,353-03-9443-4343
79,Helsinki Bicycle,Klaus,Fostell,Mr.,Owner,668.9,Kalevankatu 346,,Helsinki,Uusimaa,Finland,4344,Fostell@sudcycles.com,358-9-2433-0332
80,France Sports,Claude,Houle,Mr.,Sales Representative,7544.4,"95, rue de la Fontaine",,Cherbourg,Basse Normandie,France,50100,Houle@velosbernard.com,33-2-10-39-34-89
81,Centre Sportif Cherbourg,Georges,Lasalle,Mr.,Sales Manager,16112.7,"918, rue Belle-vue",,Le Havre,Haute Normandie,France,76610,Lasalle@bmx.com,33-2-32-49-58-05
82,Vélos Basse Normandie,Marc,Gaucher,Mr.,Owner,1073.8,"75, rue Haute",,Caen,Basse Normandie,France,14000,Gaucher@sportsfrance.com,33-2-32-93-03-07
83,Calais Cyclisme,Michelle,Laviolette,Mrs.,Owner,1799.7,"7, rue du Cimetiere",,Calais,Nord Pas-de-Calais,France,62100,Laviolette@sportsalsace.com,33-2-63-07-93-01
84,Lille VTT,Suzanne,LeClair,Ms.,Sales Manager,3371.72,"165, rue de l'Eglise",,Lille,Nord Pas-de-Calais,France,59000,LeClair@centresportif.com,33-2-59-50-30-21
85,Bicyclette du Nord,Elise,Marchand,Ms.,Owner,8819.55,"16, rue des Chevaliers",,Arras,Nord Pas-de-Calais,France,62000,Marchand@velosemile.com,33-2-11-98-87-34
86,Sports 4-Saisons,Manon,Pedneault,Ms.,Owner,1191.4,"402, rue Prince Geroges",Bâtiment B,Dunkerque,Nord Pas-de-Calais,France,59140,Pedneault@laplace.com,33-2-33-09-02-76
87,La Place,Jules,Davignion,Mr.,Sales Representative,1611.7,"42, rue de l'Eurpoe",,Rouen,Haute Normandie,France,76100,Davignion@velosferrier.com,33-2-23-40-20-04
88,Vélos Emile,Emile,Laroche,Mr.,Sales Manager,4366.5,"56, rue des Foyers",,Amiens,Picardie,France,80080,Laroche@auvergnebicross.com,33-2-25-30-39-30
89,Centre Sportif Delormier,Réal,Delormier,Mr.,Owner,6713.5,"40, avenue Bernard",,Metz,Lorraine,France,57050,Delormier@sportsfontainebleau.com,33-3-77-93-38-99
90,Sports Alsace,Thomas,Monpetit,Mr.,Sales Manager,52787.5,"11, rue Clemenceau",2ème étage,Strasbourg,Alsace,France,67100,Monpetit@orleansvtt.com,33-3-29-92-29-29
91,Vélos Ferrier,Veronique,Ferrier,Mrs.,Owner,2229.5,"187, rue de l'Ecole",,Chartres,Centre,France,28000,Ferrier@dijonsudvelos.com,33-4-94-56-53-90
92,Sports Fontainebleau,Anne,DuPont,Ms.,Owner,3131.36,"8, rue des Romains",,Fontainebleau,Île-de-France,France,77300,DuPont@mulhousevelos.com,33-1-73-03-47-93
93,BMX Orléans,Celeste,Oulette,Miss,Sales Representative,5438.7,"37, rue du Bois",,Orléans,Centre,France,45100,Oulette@bicyclettebourgesnord.com,33-2-64-87-66-88
94,Orléans VTT,Christophe,Jolicoeur,Mr.,Sales Manager,6655.9,"53, rue St-Paul",,Troyes,Champagne-Ardenne,France,10000,Jolicoeur@vtt.com,33-1-34-44-76-01
95,Dijon Sud Vélos,Suzette,Ganger,Ms.,Sales Manager,1149.15,"82, chemin des Champs",,Dijon,Bourgogne,France,21000,Ganger@arsenault.com,33-3-55-04-05-09
96,Mulhouse Vélos,Vincent,de la Montagne,Mr.,Owner,5359.7,4 avenue de la Liberation,,Mulhouse,Alsace,France,68100,de la Montagne@centrepoirot.com,33-4-32-00-98-87
97,Bicyclette Bourges Nord,Rejean,Lallier,Mr.,Owner,2099.25,"79, avenue de la Gare",,Bourges,Centre,France,18000,Lallier@sports4saisons.com,33-4-10-92-09-09
98,VTT La Rochelle,Jean,Larouche,Mr.,Sales Manager,1079.7,"41, rue de Lormier",,La Rochelle,Poitou Charentes,France,17000,Larouche@berlinbiking.com,33-3-54-92-84-98
99,Bordeaux Sports,Gerard,LePage,Mr.,Sales Representative,533.75,"120, avenue des Pins",,Bordeaux,Aquitaine,France,33100,LePage@bergtrails.com,33-5-34-42-94-09
100,Arsenault et Maurier,Gaston,Arsenault,Mr.,Sales Representative,12535.7,"40, rue St-Charles",,Clermont-Ferrand,Auvergne,France,63000,Arsenault@fahrkraftrader.com,33-4-22-90-45-90
101,Auvergne Bicross,Yolande,Lafleur,Ms.,Sales Manager,5179.98,"43, rue des Arbres",,Vichy,Auvergne,France,3200,Lafleur@hamburgrader.com,33-1-22-03-50-90
102,Centre Poirot,Julie-Anne,Poirot,Mrs.,Owner,3653.65,"10, rue Principale",9ème étage,Lyon,Rhône-Alpes,France,69009,Poirot@dortmondrad.com,33-4-11-19-10-49
103,Sports France,Gétan,Faucher,Mr.,Owner,6588.7,"40, rue de la Chapelle",,Grenoble,Rhône-Alpes,France,38000,Faucher@offroadbike.com,33-4-22-40-09-02
104,Sud Cycles,Annette,Denault,Ms.,Owner,68000.5,"34, rue. du Moulin",,St. Etienne,Rhône-Alpes,France,42007,Denault@leipzigfreiheit.com,33-1-53-03-05-08
105,Toulouse Vélos,Jean-Paul,Voltaire,Mr.,Sales Manager,46479.85,"63, rue de Soleuvre",,Toulouse,Midi-Pyrénées,France,31100,Voltaire@superbike.com,33-5-21-07-45-97
106,Sports Centre-ville,Louise,Lacasse,Ms.,Sales Representative,65005,"11, boulevard Henri",,Montpellier,Languedoc-Roussillon,France,34000,Lacasse@athensbicycle.com,33-4-23-44-09-98
107,Lourdes Sports,Henri,De Montigny,Mr.,Sales Manager,53370.14,"54, avenue Pierre",,Lourdes,Aquitaine,France,65100,De Montigny@eastbudapestsports.com,33-5-92-28-02-33
108,Gagner Sports,Claude,Antoine,Mr.,Sales Representative,5155.4,"71, rue du Chateau",,Marseille,Provence-Alpes-Côte d’Azur,France,13010,Antoine@indiacycle.com,33-4-92-03-77-03
109,Vélos Bernard,Marie,Cloutier,Ms.,Owner,8933.9,"145, rue Francois",,Toulon,Provence-Alpes-Côte d’Azur,France,83000,Cloutier@jakartasunrise.com,33-4-55-56-58-00
110,Sports Beauchamp,Daniel,Beauchamp,Mr.,Sales Manager,9557.02,"81, rue des Roses",,Cannes,Provence-Alpes-Côte d’Azur,France,6400,Beauchamp@hillcrestcycle.com,33-4-22-58-68-40
111,Bikefest,Stan,Delaware,Mr.,Sales Agent,5879.7,4301 President Way,4th Floor,Little Rock,AR,USA,72206,Delaware@greenlane.com,520-990-8264
112,Biking and Hiking,Ukariah,Jonstone,Mr.,Owner,65.7,76 Palm Drive,,Phoenix,AZ,USA,85018,Jonstone@dublincycle.com,520-710-1010
113,Bicycle Races,Seth,Smithers,Mr.,Owner,659.7,3100 West Cactus Drive,14th Floor,Tempe,AZ,USA,85234,Smithers@teavivoutdoors.com,602-494-2992
114,Fred's Bikes,Fred,Danforth,Mr.,Owner,7874.25,4104 Summit Boulevard,,Denver,CO,USA,80237,Danforth@magazzini.com,303-556-2030
115,Phil's Bikes,Phil,Franklyn,Mr.,Owner,27,31 Government Street,,Concord,CT,USA,5667,Franklyn@bresciamountainers.com,860-479-0191
116,Colin's Bikes,Colin,White,Mr.,Sales Agent,40.5,30988 Federal Way,,Washington,DC,USA,20011,White@milanobike.com,202-975-1567
117,Barry's Bikes,Barry,Wilcox,Mr.,Owner,33.9,2099 East 57th Avenue,,Dover,DE,USA,19850,Wilcox@cyclerome.com,302-310-1010
118,Tony's Better Bikes,Anthony,Weatherhead,Mr.,Owner,2735.25,320 Oliver Avenue East,,Atlanta,GA,USA,30337,Weatherhead@islandbike.com,678-381-9020
119,Ride Down A Mountain,Janet,Xavier,Ms.,Sales Agent,1570.08,5400 Cliff Avenue,,Kansas City,KS,USA,64152,Xavier@yokohamabiking.com,913-943-3044
120,Bikes R Us,Wil,Do,Mr.,Sales Agent,8159.4,201 Lloyd Drive,,Lexington,KY,USA,40503,Do@.com@nogoya.com,606-771-9020
121,Caledonia Cycle,Martin,Caledonia,Mr.,Owner,27,4302 233rd Street West,,New Orleans,LA,USA,70121,Caledonia@totoryken.com,318-669-2323
122,First Gear,Xena,Renfrew,Miss,Owner,2826.9,329 Fernando Court,,Baltimore,MD,USA,21228,Renfrew@nishmotosports.com,301-233-9010
123,One Track Mind,Gordy,Camel,Mr.,Sales Agent,46.5,776 Castle Road,Suite 100,Bangor,ME,USA,4401,Camel@bendaimountain.com,207-881-7293
124,Biking Heaven,Jules,Renquist,Ms.,Sales Agent,11553,870 Oriole Drive East,,St. Louis,MO,USA,63119,Renquist@nairobisports.com,314-201-2044
125,Family Biking Center,Vlad,Spiers,Mr.,Sales Associate,355.26,5446 California Avenue West,,Jackson,MS,USA,39213,Spiers@eurocycle.com,601-344-0292
126,World Of Tires,Danielle,Rubens,Miss,Owner,413.85,170 Mountainview Street,Suite 25,Helena,MT,USA,59601,Rubens@klcc.com,406-887-2040
127,Oympic Bikes,Aaron,Zalapski,Mr.,Sales Manager,1036.2,4311 Elm Drive,,Raleigh,NC,USA,27701,Zalapski@bialex.com,919-301-5019
128,"Bikes, Trikes and Rollerblades",Glenda,Donnatelli,Ms.,Owner,46.5,12 Gordon Drive,Suite 330,Fargo,ND,USA,58103,Donnatelli@geu.com,701-798-9122
129,Tears For Gears,Samuel,Quaid,Mr.,Owner,46.5,1508 Renton Street,,Lincoln,NE,USA,68521,Quaid@dmcity.com,402-697-7203
130,Bombay Bicycle Club,Scott,Boswell,Mr.,Sales Associate,14039.1,421 West Orca Street,,Portsmouth,NH,USA,3103,Boswell@tla.com,603-957-4932
131,Biking Bums,Bobby,Bigglesworth,Mr.,Sales Representative,2781.6,32011 Los Osos Boulevard,Suite 790,Taos,NM,USA,87505,Bigglesworth@bdmc.com,505-554-5454
132,7 Bikes For 7 Brothers,Brent,Cogswell,Mr.,Sales Manager,8819.55,52779 Xavier Boulevard,,Las Vegas,NV,USA,89102,Cogswell@tlmonterrey.com,702-970-6155
133,Against The Wind Bikes,Zak,Davis,Mr.,Sales Manager,2409.46,5302 Freedom Way,,Rome,NY,USA,14817,Davis@ucycle.com,607-901-2175
134,Hangin' Two,Jack,Trueman,Mr.,Owner,72.9,89 Westerly Street,,Tulsa,OK,USA,74103,Trueman@ksports.com,580-560-0293
135,Going in Circles,Kent,Estes,Mr.,Sales Manager,7646.1,42011 Sullivan Road,,Columbia,SC,USA,29201,Estes@cccycle.com,843-721-9013
136,Off Road Bikes,Swoozie,Fantermyer,Ms.,Owner,140.9,225 West Luxman Road,Suite 120,Pierre,SD,USA,52115,Fantermyer@mountainview.com,605-201-6322
137,Cyclists for Life,Brenda,Trent,Ms.,Owner,10605.18,666 Frederick Court,,Memphis,TN,USA,38103,Trent@sportsfever.com,910-244-5670
138,Discount Bikes,Andrea,Dixon,Ms.,Sales Manager,1103.2,3100 Tower Street,,Salt Lake City,UT,USA,84144,Dixon@beachtrails.com,801-446-9300
139,"Canadian Bikes, Eh",Bob,Tuque,Mr.,Owner,67.8,56 Emarcadero Avenue,Suite 10,Richmond,VA,USA,23220,Tuque@billsbikes.com,804-810-0002
140,Bob's Bikes,Bob,Zarcalister,Mr.,Owner,67.8,5011 Capital Avenue,,Montpelier,VT,USA,5401,Zarcalister@forestedhills.com,802-338-6768
141,Mike's Bikes,Michael,Cartman,Mr.,Sales Representative,101.7,3100 Aurora Avenue North,Suite 1000,Seattle,WA,USA,98110,Cartman@.com,206-694-9012
142,Two Wheelin',Jann,Dolap,Ms.,Owner,556.35,5007 White Street,,Charleston,WV,USA,25309,Dolap@deportedperez.com,304-929-2882
143,Down Under Bikes,Dave,Flynn,Mr.,Sales Representative,1621.2,8004 Alton Drive,Suite 230,Sydney,New South Wales,Australia,2061,Flynn@towc.com,61-04-23556663
144,Canberra Bikes,Craig,Stobbs,Mr.,Owner,10662.75,7567 Caravan Street,,Canberra,New South Wales,Australia,5353,Stobbs@platousport.com,61-03-99231124
145,Kangeroo Trikes,Sandra,Anderson,Mrs.,Sales Representative,9594.7,78 East Phillips Street,Suite 300,Melbourne,Victoria,Australia,2155,Anderson@lbike.com,61-05-36629921
146,Bruce's Bikes,Bruce,Hyde,Mr.,Owner,1138.09,7910 35th Avenue,,Churchill,Victoria,Australia,4774,Hyde@.erpanamacom,61-02-99311424
147,Peddles of Perth,Vanessa,Jacobsen,Ms.,Sales Manager,8945.25,3200 Wilcrest Road,Suite 300,Perth,Western Australia,Australia,3326,Jacobsen@lndeportes.com,61-04-30339148
148,Koala Road Bikes,Nathan,Wu,Mr.,Sales Manager,6744.8,3001 Grantsview Street,Suite 12,Brisbane,Queensland,Australia,4600,Wu@manilabicycles.com,61-01-52311344
149,Tasmanian Devil Bikes,Todd,Llyod,Mr.,Sales Representative,1739.85,12 Eastdune Lane,,Hobart,Tasmania,Australia,912,Llyod@warsawsports.com,61-01-32335455
150,Bicicletas San Santiago,Ricardo,Fernandes,Mr.,Sales Associate,10661.7,32111 Perez Road,,Santiago,Providencia,Chile,34211,Fernandes@souzelbike.com,56-2-2942-9021
151,Paradise Sports,Johnny,Horton,Mr.,Owner,1529.7,444 Victoria Avenue,,Road Town,Tortola,British Virgin Islands,F3R 6T9,Horton@evorafamily.com,284-987-4738
152,Brasilia Bikes Inc.,Felipe,Silva,Mr.,Owner,14301.7,"Rua Fernando, 991",Suite 223,Brasilia,Distrito Federal,Brazil,23293-300,Silva@lisboncycle.com,55-85-3211-7382
153,Bicicletas de Montaña La Paz,Juan,Gomez,Mr.,Owner,6269.25,Torrevieja 1030,,La Paz,La Paz,Bolivia,4542,Gomez@furia.com,55-092-89211
154,Royal Cycle,Henryk,Featherstone,Mr.,Owner,3493.65,5402 Green Bay Road,Suite 500,Hamilton,Pembroke Parish,Bermuda,46557,Featherstone@budapestsports.com,809-295-9023
155,Dhaka Bike Store,Junaid,Panikkar,Mr.,Owner,4683.5,670/C Tejgaon I/A4350,,Dhaka,Dhaka,Bangladesh,346457,Panikkar@moscowbike.com,880-91-478-343
156,Beach Cycle and Sport,Warren,Donovan,Mr.,Owner,14463.35,779 Beach Drive,,Nassau,New Providence,Bahamas,5466,Donovan@foreveryoung.com,242-0-343-3043
157,Aruba Sport,Jerry,Cashwell,Mr.,Owner,3239.85,Av. Cobre 1212,,Oranjestad,St. George,Aruba,655456,Cashwell.@saveoncycles.com,58-09-8382-9292
158,Bicicletas Buenos Aires,Carlos,Martinez,Mr.,Owner,55664.35,Sitio del Niño 8992,,Buenos Aires,Mendoza,Argentina,6755 56,Martinez@platinumsports.com,54-1-939-202022
159,"Barbados Sports, Ltd.",Luke,Jones,Mr.,Sales Manager,4443.8,450 Wilmont Street,,Bridgetown,Bridgetown,Barbados,4532,Jones@fastmover.com,246-877-2628
160,Pedales de Bogota,Fernando,Valdez,Mr.,Sales Manager,32748.25,Vía Morelos 10001,,Bogota,Cundinamarca,Colombia,43533,Valdez@unitedbikes.com,57-32-2029-2949
161,Galaxy Outdoors,Jimmy,Ng,Mr.,Owner,10425.55,127-190 Nathan Road,Mon Kwok,Hong Kong SAR,Hong Kong SAR,China,664463,Ng@jrbiking.com,852-6274-9201
162,East Budapest Sports,Marianna,Chose,Mr.,Sales Representative,59255.7,"3424 Budapest, Bartók Béla út 231",,Budapest,Budapest,Hungary,1062,Chose@sanstone.com,32-20-9402-4994
163,India Cycle and Co.,Paja,Al Majid,Mr.,Owner,49774.5,H.O.- 2370 Janpath,,New Delhi,New Delhi,India,3257,Al Majid@heuristic.com,91-22-4002-0322
164,Jakarta Sunrise Sports,Wu,Padang,Mr.,Owner,6333.4,Jl Aipda KS Tubun 56 F,,Jakarta,Jawa Bara West Java,Indonesia,4532,Padang@ministrysports.com,62-21-093-0223
165,Hillcrest Cycle,Lenny,Kenwood,Mr.,Owner,87906.45,22 Green Avenue,,Dublin,Dublin,Ireland,,Kenwood@equatorcycle.com,353-01-3932-0422
166,Island Bikes,Jerry,Andover,Mr.,Owner,38244.25,3411 Bexhill Road,,Kingston,Kingston,Jamaica,23001,Andover@tomsplace.com,876-733-0062
167,Nishimoto Sports,Hiro,Nishimoto,Mr.,Owner,40964.74,"Bridgeway Bldg, 2F",Hirakawa-cho,Tokyo,Tokyo To,Japan,129-2323,Nishimoto@hikersbikers.com,81-3-5212-2321
168,Nairobi Sports Center,Ren,Janmohammed,Ms.,Owner,6923.7,3451 Parliament Road,,Nairobi,Nairobi,Kenya,646411,Janmohammed@coastalline.com,254-2-202-4921
169,"Cairo Bicycles, Inc.",Elan,Abbibi,Mr.,Owner,10361.7,PO Box: 33417,,Cairo,Cairo,Egypt,786333,Abbibi@tienda.com,20-023-023114
170,Ruedas de Santo Domingo,Antonio,Santos,Mr.,Owner,63365.4,Seminario 5531 Carretas,,Santo Domingo,Santo Domingo,Dominican Republic,685533,Santos@folkochfa.com,809-203-203
171,Bicicletas San Jose,Julio,Morenzo,Mr.,Owner,56343.9,Agustín de Iturbide 772,,San José,San José,Costa Rica,45678,Morenzo@sab.com,506-239-0932
172,Prague Sports,Eric,Kenelek,Mr.,Sales Manager,10551.7,PO Box 2321,,Prague,Prague,Czech Republic,9864,Kenelek@taipeisports.com,420-002-2042
173,Copenhagen Sports and Cycle,Sven,Van Bauer,Mr.,Sales Representative,97459.7,Gammel Mont 4341,,Copenhagen,Jutland,Denmark,1050,Van Bauer@bangkiksports.com,45-3530-3055
174,Superbicicletas Ecuador Ltd.,Ricardo,Martinez,Mr.,Owner,2553.8,Ejército Nacional No. 1450,,Quito,Pichincha,Ecuador,755457,Martinez@ankarabicycle.com,593-3-303-200
175,Athens Bicycle Co.,Andres,Arnadis,Mr.,Sales Representative,11100.9,PO Box 211966,,Athens,Evia Evvoia,Greece,1124,Arnadis@kiev-north.com,30-1-7754-4040
176,Tel Aviv Outdoors,David,Azur,Mr.,Owner,43063.56,3435 Tel Giborim,,Tel Aviv,Tel Aviv,Israel,6799,Azur@uaecycle.com,972-3-403-30411
177,En ruedas Panama,Fernando,Perez,Mr.,Sales Agent,2934.94,Cl 20 San Francisco 91,,Panama,Panama,Panama,346668,Perez@karmabikes.com,507-023-0031
178,Islamabad Bike Stores,Sanji,Jamal,Ms.,Sales Manager,5486.7,"423, Shah Jamal Road",,Islamabad,Islamabad,Pakistan,4346,Jamal@backpedalcycle.com,92-21-2000-0294
179,Manila Bicycle Store,Maria,Hernandez,Ms.,Owner,11300.7,43121 Quezon Avenue,,Manila,Manila Metropolitan Area,Philippines,34008,Hernandez@tyredout.com,63-455-303-0221
180,Deportes Perez,Paolo,Perez,Mr.,Owner,7645.85,"Avda. Amador Guerrero, 3220",,Managua,Managua,Nicaragua,4524576,Perez@hasbeenbikes.com,505-311-403-0082
181,Sports Fever,Duke,Manson,Mr.,Sales Manager,43321.5,1102 Greystone Drive,,Wellington,Wellington,New Zealand,,Manson@cycliststrail.com,64-7-3903-4003
182,Kathmandu Sports,Ngan,Xu,Mr.,Owner,7613.4,4325 Tielu Street,,Kathmandu,Kathmandu,Nepal,7493,Xu@dealsonwheels.com,977-099-20332
183,Lima Norte Deportes,Ricardo,Montabella,Mr.,Owner,26934.5,"Av El Dorado, 4211",,Lima,Lima,Peru,5665,Montabella@ourwheels.com,51-1-2042-2043
184,Eurocycle,Pierre,Van Kroger,Mr.,Sales Agent,6835.2,"39, rue du Baerendal",,Luxembourg,Luxembourg,Luxembourg,L-3360,Van Kroger@radbikes.com,352-45-204-203
185,Kuala Lumpur Central Cycle,Rennie,Chung,Mr.,Owner,3985.13,"No. 4902 Lengkok Paya Terubong,",11060 Air Itam,Kuala Lumpur,Kuala Lumpur,Malaysia,478886,Chung@insanecycle.com,60-3-0303-0990
186,Ulaanbaatar Cycle,Po-Yan,Ying,Mr.,Owner,5223.5,8-9/F Fu Da Bidg. 2342,,Ulaanbaatar,Ulaanbaatar,Mongolia,,mgr@wheels.com,976-1-392-2492
187,Deportes Mexico City,Julio,Estes,Mr.,Sales Manager,1445.1,Vía Morelos 3343,,Ciudad de Mexico,Distrito Federal,Mexico,24421,Estes@spokesnwheels.com,52-3-230-9993
188,Forever Young Sports,Cam,Jackson,Mr.,Owner,23180.1,5011 Sunset Avenue West,Suite 132,Castries,Castries,Saint Lucia,3342,Jackson@posercycles.com,758-422-092
189,Equator Cycle,Chuck,Van Morrison,Mr.,Owner,56500.55,53990 Sable Court,,Pretoria,Gauteng (PWV),South Africa,2341,Van Morrison@bikecellar.com,27-11-234-0400
190,Ankara Bicycle Company,Fatih,Cekirge,Mr.,Sales Manager,43000.5,PO Box 2121,,Ankara,Ankara,Turkey,443665,Cekirge@alleycat.com,90-212-2399-3403
191,Moscow Bike Company,Alex,Federov,Mr.,Sales Agent,43786.5,"Perovskaya ul., 3452",,Moscow,Moscow,Russia,7655433,Federov@cgate.com,7-095-2349-2042
192,Sanstone Cycle,Young,Lee,Mr.,Sales Manager,3300,24 Evergreen Square,Suite B,Singapore,Singapore,Singapore,311435,Lee@hookedhelmet.com,65-321-0072
193,Budapest Sports,Dario,Ionascu,Mr.,Owner,23246.55,Blvd. N. Balcescu 2322,,Bucharest,Bucharesti,Romania,4532211,Ionascu@clearairtrans.com,40-1-2332-8585
194,Save-on-Cycles,Julianne,Derby,Ms.,Owner,70000,245 Mill Avenue,,Riyadh,Eastern Province,Saudi Arabia,3634422,Derby@whistlertrntals.com,966-1-3404-3941
195,Bangkok Sports,Lee,Chang,Mr.,Owner,70000.5,133/7 Yaowarat Road,,Bangkok,Bangkok,Thailand,6865,Chang@trailblazers.com,66-2-9400-2022
196,Hanoi Bike Company,Twan,Ha,Mr.,Owner,15492.32,Ho Chi Minh 3411,,Hanoi,Hanoi,Vietnam,43HJG,Ha@bikesntrikes.com,84-4-992-20202
197,Tienda de Repuestos Caracas,Maria,Santos,Mrs.,Owner,36000,Av San Jorge 2011,,Caracas,Distrito Federal,Venezuela,32111,Santos@rockshocks.com,58-2-3434-7728
198,UAE Cycle,Vivek,Parmar,Mr.,Sales Representative,95900.85,Post Box: 278,,Abu Dhabi,Abu Dhabi,United Arab Emirates,3453,Parmar@mountainmadmen.com,971-4-9673-9987
199,Harare Cycle,Dwight,Mallel,Mr.,Owner,22600.23,4290 Shell Aveneue,,Harare,Distrito Federal,Zimbabwe,403943,Mallel@offroadbike.com,263-4-943-9034
201,Kiev-North Sports,Leon,Demidov,Mr.,Sales Representative,84500.55,"Krzhizhanovskogo ul., 5663",,Kiev,Kiev,Ukraine,6865986,Demidov@psychocycle.com,380-44-923-2302
202,Sunrise Cycle,Josephine,McGillan,Mrs.,Sales Representative,1690.05,40 Chartwell Drive,,Ashford,Kent,England,BH7 7EL,McGillan@bikeaholics.com,44-135-342-2932
203,Source One Cycle,Tina,Waldorf,Ms.,Sales Agent,1119.5,19 Old Christchurch Road,,Bournemouth,Dorset,England,BH1 2EW,Waldorf@pathfinders.com,44-334-449-0291
204,Wheel to Wheel,Brent,Butterfield,Mr.,Sales Representative,5912.7,199 Bisley Street,,Southampton,Hampshire,England,SO15 1AG,Butterfield@rowdyrims.com,44-171-377-9766
205,McDonald Klein Sports,Trent,McDonald,Mr.,Owner,3618,40 Epping road,Suite 245,Bristol,Avon,England,BS1 3AD,McDonald@greatbike.com,44-341-211-0431
206,Tom's Bikes,Thomas,Dadwood,Mr.,Sales Representative,36330,14 Kipling Avenue,,Nottingham,Nottinghamshire,England,NG1 5RH,Dadwood@madmountain.com,44-377-573-0294
207,Hit the Dirt,Samantha,Raintree,Ms.,Owner,4637,91 Bruton Road,,Cambridge,Cambridgeshire,England,CB2 3DT,Raintree@offthemountain.com,44-334-530-0193
208,LifeCycle,Derek,Young,Mr.,Owner,6644.19,59 Beacon Hill Road,,Leeds,West Yorkshire,England,LS1 6ET,Young@fulcrum.com,44-131-321-8432
209,Westerly Sports,Shelly,Cornwall,Miss,Owner,47,3 Old Duke Circus,Floor 11,Birmingham,West Midlands,England,B2 4JQ,Cornwall@spokes.com,44-171-341-0763
210,Donview Bike Co.,Russ,Clemmens,Mr.,Sales Agent,35,41 South Gate,St Matthews House,Sunderland,Co Durham,England,SR6 8DB,Clemmens@tothelimit.com,44-171-449-9201
211,Platinum Sports,Timothy,Gilligan,Mr.,Sales Agent,10800,31 West Colton Drive,,Edinburgh,Lothian,Scotland,EH2 2PB,Gilligan@spokesfolks.com,44-131-330-6981
212,Dublin Cycle Centre,Shane,O'Tool,Mr.,Owner,2727.3,6 South Moor Lane,,Dublin,Dublin,Ireland,,O'Tool@herculesmountain.com,353-1-7973-9201
213,Top 'o' the World Cycle,Mike,O'Sullivan,Mr.,Owner,8967.71,156 Slaight Road,Suite 102,Belfast,County Antrim,Northern Ireland,BT2 7AP,O'Sullivan@pedals.com,44-1232-462002
214,Bicycle Basics,Drew,Broadwin,Mr.,Sales Manager,72000,59 Old Stone Road,,Cardiff,South Glamorgan,Wales,CF1 2EQ,Broadwin@roadrunners.com,44-1452-029-0292
215,Great Outdoors,Jackie,Ball,Ms.,Owner,3024.85,17 West Port Circle,,Manchester,Greater Manchester,England,M60 2DS,Ball@blazingsaddles.com,44-131-319-3600
216,Exeter Cycle Source,Sid,Moore,Mr.,Owner,1030.08,55 Cornwall Drive,,Exeter,Devon,England,EX4 3SP,Moore@extremecycling.com,44-181-866-0293
217,Picadilly Cycle,Julian,Windsor,Mr.,Owner,5321.25,29 West Chesterfield Avenue,,London,Greater London,England,SW19 4UE,Windsor@corporatecycle.com,44-171-531-0221
218,Life Cycle Centre,Rod,Filmore,Mr.,Owner,8819.55,1 Featherstone Way,Sunflower House,Maidenhead,Berkshire,England,SL6 2PZ,Filmore@crankcompenents.com,44-181-221-0328
219,Cycle Fever,Jake,Cosgrove,Mr.,Sales Representative,6629.1,2002 Bloor Street West,Suite 102,Toronto,ON,Canada,M6S 4X9,Cosgrove@unicycle.com,416-766-5007
220,Wheels 'n' Deals,Sylvia,Canton,Ms.,Sales Manager,2850.85,168 Creswell Drive,,Beaconsfield,PQ,Canada,H9W 1E7,Canton@wheelsnstuff.com,514-697-0077
221,Halifax Cycle Centre,Grant,Targell,Mr.,Sales Manager,1489.05,1946 Herring Cove Road,,Halifax,NS,Canada,B3R 1V9,Targell@changinggears.com,902-477-9666
222,Dag City Cycle,Dag,Jozwell,Mr.,Sales Representative,1276.74,2975 Portage Street,,Winnipeg,MB,Canada,R3J 0N9,Jozwell@blazingbikes.com,204-949-6053
223,Don't Tread On Me,Don,Julian,Mr.,Owner,5879.7,20011 Slater Street,,Ottawa,ON,Canada,K1A 3W9,Julian@bikesbrothers.com,613-235-6617
224,Min Dong Toy Store,Fang,Zhou,Mrs.,Sales Manager,6467.35,"411 Yanan Rd, #301",,Shanghai,Shanghai,China,200239,Zhou@rockyroadsters.com,86-10-5353-7878
225,JinJing Sports,Fan,Zhang,Mr.,Owner,13434.9,585 Jian She Road,,Tianjin,Tianjin,China,356001,Zhang@onetrachmind.com,86-10-9536-0909
226,Yue Xiu Bicycles,XinQiang,Wang,Mr.,Owner,17484.75,777 Jian Guo Avenue,,Guangzhou,Guangdong,China,370999,Wang@hangintwo.com,86-21-3492-3294
227,Hao Nannu Outdoors,Dong Sheng,Yu,Mr.,Owner,8819.55,888 Chuan Qian Road,,Chengdu,Sichuan,China,250895,Yu@familybiking.com,86-21-8392-3283
228,Globe Bike,David,Chan,Mr.,Sales Manager,10245.55,383-407 Hennessy Road,Wan Chai,Hong Kong SAR,Hong Kong SAR,China,573222,Chan@worldoftires.com,852-4667-9393
229,Newpeople Biking Ltd.,Edward,Yan,Mr.,Owner,7981.41,600 Jordan Road,Kowloon,Hong Kong SAR,Hong Kong SAR,China,863356,Yan@olympicbikes.com,852-3778-2929
230,C&C Sports People,Mark,Wang,Mr.,Owner,2546.12,"Floor 3, 100 East Point Road",Causeway Bay,Hong Kong SAR,Hong Kong SAR,China,357677,Wang@bikestrikes.com,852-3838-1919
231,AIC Childrens,Ng Chun,Yuen,Mr.,Owner,5879.7,303-404 Pricecess Building,Central,Hong Kong SAR,Hong Kong SAR,China,439433,Yuen@tearsforgears.com,852-3998-2044
232,Fast Mover Pte Ltd,Tan Boon,Cheng,Mr.,Owner,4751,108 International Business Park,,Singapore,Singapore,Singapore,609929,Cheng@caledonia.com,65-533-0932
233,United Bikers,Mary,Lim,Mrs.,Owner,26489.3,338 Robinson Road,,Singapore,Singapore,Singapore,368911,Lim@bikingbums.com,65-775-4677
234,JR Biking Limited,Lee Kah,Seng,Mr.,Owner,1019.4,1800 Exeter Road,,Singapore,Singapore,Singapore,239732,Seng@firstgear.com,65-209-3341
235,Heuristic Beach Pte Ltd,Abdul Rahman Bin,Fandi,Mr.,Owner,1823.65,2048 Alexandra Road,Suite 100,Singapore,Singapore,Singapore,119954,Fandi@againstthewind.com,65-227-3432
236,Ministry of Sports,Ben,Govindansamy,Mr.,Sales Manager,8819.55,16 Maxwell Road,,Singapore,Singapore,Singapore,169111,Govindansamy@citycyclists.com,65-455-2311
237,Salvado Bike Store,Adriano,Pinto,Mr.,Sales Manager,5879.7,Eurico Lara 423/524,,Rio Grande,Rio Grande do Sul,Brazil,90880-390,Pinto@goingincircles.com,55-61-2934-3849
238,Brasilia Outdoors,Americo,Machado,Mr.,Sales Agent,13466.5,"Teixeira Soares, 895",Santa Tereza,Minas Gerais,Belo Horizonte,Brazil,31015-040,Machado@cyclistslife.com,55-85-1032-1093
239,Rio De Janeiro Bikers,André,Pedro,Mr.,Owner,133551.3,"Av. Rio Branco, 95 / 7º andar",,Rio de Janeiro,Rio de Janeiro,Brazil,20093-900,Pedro@discountbikes.com,55-11-4929-4929
240,Saveiros SA,André,da Silva,Mr.,Owner,5879.7,"Teixeira Soares, 2223",,São Paulo,São Paulo,Brazil,20093-400,da Silva@canadianbikes.com,55-85-2392-0193
241,Outdoors Ltda,André,Fontes,Mr.,Owner,2378.35,"Rua Silex, 165",,São Paulo,São Paulo,Brazil,04082-001,Fontes@bobsbikes.com,55-61-2929-3723
242,Hamburg Räder,Arne,Schmeth,Mr.,Sales Representative,1787.5,Iltisstrasse 24,,Essen,Nordrhein-Westfalen,Germany,D-45001,Schmeth@mikesbikes.com,49-4042-2333-71
243,Leipzig Freiheit,Folkert,Heinz,Mr.,Owner,7829.29,Bahnstrasse 342-46,,Berlin,Berlin,Germany,D-10044,Heinz@twowheelin.com,49-2024-8855-08
244,Super Bike,Frank,Kroger,Mr.,Sales Representative,1072.8,Geisbergstr. 311,,Hamburg,Hamburg,Germany,D-22121,Kroger@bombaybicycle.com,49-6196-9559-22
245,Berlin Biking GmBH.,Gunter,Schatz,Mr.,Owner,2989.35,D-80042 Weissenfeld,,München,Bayern,Germany,D-80042,Schatz@bennythespokes.com,49-3220-0485-51
246,Dortmont Rad Kaufhaus,Holger,Warnecke,Mr.,Sales Representative,59468.94,CMR 4434,,Düsseldorf,Nordrhein-Westfalen,Germany,D-40029,Warnecke@bikesbikes.com,49-3944-0432-57
247,Offroad Bike Verleih,Juergen,Rudolf,Mr.,Owner,1623.15,Koningswinterer Strasse 800,,Berlin,Berlin,Germany,D-14059,Rudolf@roughterrain.com,49-3022-0486-14
248,Berg auf Trails GmBH.,Peter,Schmit,Mr.,Sales Manager,2939.29,CMR 4490,,Düsseldorf,Nordrhein-Westfalen,Germany,D-40608,Schmit@cyclopath.com,49-6400-0443-23
249,Milano Bike Store,Angelo,Nucchi,Mr.,Sales Agent,6755.8,Via Anagnina 483,,Milan,Lombardia,Italy,42898,Nucchi@tandemcycle.com,39-10-2849-1038
250,Brescia Mountainers,David,Giovanni,Mr.,Sales Manager,181444.66,"Via Angelo Maj, 22",,Rome,Lazio,Italy,42210,Giovanni@ontheedge.com,39-55-9202-9592
251,Nogoya Paths,Hatsuko,Kumasaka,Mr.,Sales Agent,8819.55,C.ITOH Bldg. 12-1,Minato-Ku,Hiroshima,Hiroshima Ken,Japan,106-4553,Kumasaka@tek.com,81-1-3321-3336
252,Yokohama Biking Fans,Miyako,Katayama,Mr.,Owner,2003.1,Yokosuka Naval Base-Building 1955 Room 8,,Kobe,Hyogo Ken,Japan,124-2293,Katayama@bikingheaven.com,81-1-3022-0349
253,Bendai Mountain Bikers,Tomoaki,Tanahashi,Mr.,Sales Manager,14076.8,A.ITOH Bldg. 15-3,Minato-Ku,Tokyo,Tokyo To,Japan,232-9333,Tanahashi@bikerspath.com,81-2-6676-0746
254,Totory Ken Cyclists,Yoshio,Shimoyama,Mr.,Owner,5913.6,Bell Ace Building 8F,,Yokohama,Kanagawa Ken,Japan,112-3293,Shimoyama@bikesrus.com,81-2-2221-3606
255,Tiempo Libre Monterrey,Jose,Garcia,Mr.,Sales Manager,8819.55,Thiers 3251-34,,Acapulco,Guerrero,Mexico,34323,Garcia@bikeshopmars.com,52-5-553-0933
256,Tiempo Libre Acapulco,Manuel,Hernandez,Mr.,Sales Manager,9595.7,"Apaseo El Alto 11, Col Valle del Tepeyac",,Puerto Vallarta,Jalisco,Mexico,4929,Hernandez@feelgreat.com,52-5-300-0113
257,Bicicletas  de Montaña Cancun,Ana Maria,Fernandez,Ms.,Owner,1551.18,Puebla # 903 Primer Piso,,Cancun,Quintana Roo,Mexico,2994,Fernandez@bikefest.com,52-2-255-8965
258,Guadalajara en ruedas,Laura,Torres,Ms.,Sales Manager,83664.8,Hernandez y Hernandez No.699,,Mazatlan,Sinaloa,Mexico,92041,Torres@bikinghiking.com,52-1-357-9443
259,Bicycles Alex,Alex,Alvarez,Ms.,Owner,62627.65,Rufino Tamayo 395,,Ciudad de Mexico,Distrito Federal,Mexico,3853,Alvarez@bicycleraces.com,52-5-207-1010
260,New Trails,George,Robins,Mr.,Sales Manager,1716.2,181 Wellesley Street,,Christchurch,Canterbury,New Zealand,,Robins@fredsbikes.com,64-3-4920-2044
261,Beach Trails and Wheels,Alastair,Jackson,Mr.,Sales Representative,2944,374 Great Road,,Hamilton,Waikato,New Zealand,,Jackson@philsbikes.com,64-2-9112-2031
262,Forested Hills,Gary,Birch,Mr.,Sales Agent,1067.3,4 Bond St.,,Wellington,Wellington,New Zealand,,Birch@colinsbikes.com,64-1-4044-2904
263,Bill's Bikes,Bill,Anderson,Mr.,Owner,2459.4,8035 Owl Road,,New Plymouth,Taranaki,New Zealand,,Anderson@barrysbikes.com,64-9-0014-4041
264,Lisbon Cyclists,Jorge,Faustino,Mr.,Owner,329.85,"Av. Artur Soares, 828 - 1700",,Lisbon,Lisbon,Portugal,1700,Faustino@tonysbikes.com,351-1-49-09-441
265,Evora Family Sports,André,Palacio,Mr.,Sales Manager,3638.01,"R. D. Estefƒnia, 12 - 2000 Lisb",,Lisbon,Lisbon,Portugal,1900,Palacio@ridedownamountain.com,351-41-43-46-902
266,Souzel Bike Rentals,Adriano,Malva,Mr.,Sales Agent,1472.27,Polo Tecnologico Lote 39,,Lisbon,Lisbon,Portugal,1600-480,Malva@makingtracks.com,351-44-09-23-677
267,Tom's Place for Bikes,Jimmy,Hatch,Mr.,Sales Representative,36400.67,545 Peachtree Road,,Johannesburg,Gauteng (PWV),South Africa,2385,Hatch@tiendadp.com,27-15-923-0300
268,Coastal Line Bikes,Caron,Ryans,Ms.,Owner,1130.4,22th Flr  Safren House,,Johannesburg,Gauteng (PWV),South Africa,3001,Ryans@hanoibike.com,27-11-294-0001
269,Hikers and Bikers,Steven,Sharp,Mr.,Owner,8300.8,1844 Beach Avenue,,Johannesburg,Gauteng (PWV),South Africa,4201,Sharp@bicyclebasics.com,27-13-940-0302
270,Mountain View Sport,Fran,Durant,Mr.,Sales Manager,65231.7,1443 Main Street,Suite 990,Auckland,Auckland,New Zealand,,Durant@hararecycle.com,64-9-2939-2995